codigo,nombre,Territorio - Superficie distrito [km2],Movilidad y transporte - Paradas EMT [por_km2],Movilidad y transporte - Turismos [por_1000_hab],Movilidad y transporte - Edad media turismos particulares [anos],Movilidad y transporte - Superficie aparcamiento por vivienda [m2_vivienda],Movilidad y transporte - Superficie aparcamiento por turismo [m2_turismo],Movilidad y transporte - Aparcamiento publico o de rotacion [por_1000_hab],Movilidad y transporte - Aparcamiento asociado a vados [por_1000_hab],Movilidad y transporte - Itinerarios ciclistas [m_por_km2],Movilidad y transporte - Intensidad media de trafico IMV [actual],Vivienda - Viviendas proteccion publica [% viviendas],Politica - Participacion electoral media [%],Politica - Votos nulos media [% votos emitidos],Politica - Votos en blanco media [% votos validos],Politica - Votos a candidaturas media [% votos validos],Politica - PP [% votos candidaturas media],Politica - PSOE [% votos candidaturas media],Politica - Compromis Sumar [% votos candidaturas media],Politica - VOX [% votos candidaturas media],Politica - Podemos Unides [% votos candidaturas media],Politica - Ciudadanos [% votos candidaturas media],Politica - Se Acabo La Fiesta [% votos candidaturas media],Politica - Otros partidos [% votos candidaturas media],Politica - Bloque izquierda PSOE_Compromis_Podemos [% votos candidaturas media],Politica - Bloque derecha PP_VOX_Cs_SALF [% votos candidaturas media],Economia - Renta neta media por persona [EUR],Economia - Mediana renta por unidad de consumo [EUR],Economia - Desigualdad renta Gini [indice],Economia - Fuente ingresos salario [%],Economia - Fuente ingresos pensiones [%],Economia - Fuente ingresos prestaciones desempleo [%],Economia - Poblacion ocupada [% 16+],Economia - Poblacion parada [% 16+],Economia - Jubilacion o prejubilacion [% 16+],Economia - Ocupados por cuenta propia [% ocupados],Economia - Ocupados cuenta ajena temporal [% ocupados],Economia - Trabaja en el mismo municipio [% ocupados],Economia - Actividades economicas [por_1000_hab],Economia - Empresas activas [por_1000_hab],Economia - Empresas persona juridica [% empresas],Economia - Empresas industria [% empresas],Economia - Empresas construccion [% empresas],Economia - Empresas servicios [% empresas],Economia - Actividades industriales [por_1000_hab],Economia - Grado de terciarizacion economica [%],Economia - Plazas alojamiento turistico reglado [por_1000_hab],Economia - Viviendas turisticas [plazas_por_1000_hab],Economia - Viviendas turisticas [% viviendas],Economia - Oficinas bancarias [por_10000_hab],Economia - Terrazas hosteleria [por_1000_hab],Economia - Terrazas hosteleria superficie [m2_por_1000_hab],Economia - Economia social cooperativas y sociedades laborales [por_1000_hab],Demografia - Crecimiento vegetativo [por_1000_hab],Demografia - Personas por hogar [media],Demografia - Densidad poblacion [hab_km2],Demografia - Variacion interanual poblacion [%],Demografia - Edad media [anos],Demografia - Esperanza de vida al nacimiento [anos],Demografia - Indice estructura poblacion activa,Demografia - Poblacion 0-14 [%],Demografia - Poblacion 65+ [%],Demografia - Nacidos en Valencia [%],Demografia - Poblacion extranjera [% poblacion],Demografia - Edad media poblacion extranjera [anos],Demografia - Poblacion extranjera UE27 [% extranjera],Demografia - Poblacion extranjera resto Europa [% extranjera],Demografia - Poblacion extranjera Africa [% extranjera],Demografia - Poblacion extranjera America Norte [% extranjera],Demografia - Poblacion extranjera America Central [% extranjera],Demografia - Poblacion extranjera America Sur [% extranjera],Demografia - Poblacion extranjera Asia [% extranjera],Demografia - Poblacion extranjera otros origenes [% extranjera],Movilidad y transporte - Velocidad maxima media calles [km_h],Movilidad y transporte - Ocupacion via publica incidencias [por_km2],Movilidad y transporte - Ocupacion via publica duracion media [dias],Movilidad y transporte - Ocupacion via publica acera [por_km2],Movilidad y transporte - Ocupacion via publica estacionamiento [por_km2],Movilidad y transporte - Ocupacion via publica calzada [por_km2],Movilidad y transporte - Ocupacion via publica peatonal [por_km2],Movilidad y transporte - ValenBisi anclajes [por_km2],Movilidad y transporte - ValenBisi anclajes [por_1000_hab],Demografia - Indice de sobre-envejecimiento [2025],Demografia - Indice de envejecimiento [2025],Demografia - Hogares con dos menores de 18 anos [%],Demografia - Hogares con tres o mas menores de 18 anos [%],Demografia - Hogares de 2 personas [%],Demografia - Hogares de 5 o mas personas [%],Demografia - Hogares solo personas mayores de 64 anos [%],Demografia - Hogares solo personas mayores de 79 anos [%],Demografia - Hogares unipersonales [%],Demografia - Tasa general de fecundidad [2024],Demografia - Personas solteras [%],Demografia - Personas casadas [%],Demografia - Personas viudas [%],Demografia - Personas separadas o divorciadas [%],Demografia - Tasa bruta de inmigracion intraurbana [2024],Demografia - Tasa bruta de inmigracion interurbana [2024],Demografia - Tasa bruta de mortalidad [2024],Demografia - Tasa bruta de emigracion intraurbana [2024],Demografia - Tasa bruta de emigracion interurbana [2024],Demografia - Relacion de masculinidad [hombres_por_100_mujeres],Demografia - Razon de progresividad demografica [2025],Innovacion social - Proyectos [por_km2],Innovacion social - Proyectos [por_1000_hab],Edificacion vivienda 2025 residencial | Viviendas [por_1000_hab],Vivienda - Superficie construida media [m2],Urbanismo - Solares superficie [% superficie distrito],Urbanismo - Solares valor medio [EUR_m2],Vivienda - Valor catastral medio por vivienda [EUR],Vivienda - Valor catastral medio por m2 [EUR_m2],% centros publicos [actual],% centros concertados [actual],% centros privados [actual],Medio ambiente - Juegos infantiles superficie [m2_por_km2],Medio ambiente - Fuentes [por_km2],Medio ambiente - Fuentes agua filtrada y refrigerada [por_km2],Medio ambiente - Zonas acusticamente saturadas [por_km2],Medio ambiente - Contenedores escombros [por_1000_hab],Bienestar social - Vulnerabilidad equipamientos [indice],Bienestar social - Vulnerabilidad demografia [indice],Bienestar social - Vulnerabilidad economia [indice],Bienestar social - Vulnerabilidad global [indice],Bienestar social - Asociaciones discapacidad y enfermedad mental [por_1000_hab],Bienestar social - Asociaciones adicciones [por_1000_hab],Bienestar social - Asociaciones mayores [por_1000_hab],Bienestar social - Asociaciones sintecho [por_1000_hab],Bienestar social - Asociaciones etnicas [por_1000_hab],Bienestar social - Asociaciones poblacion general y participacion social [por_1000_hab],"Bienestar social - Asociaciones culturales, deportivas y recreativas [por_1000_hab]",Bienestar social - Asociaciones profesionales y economicas [por_1000_hab],Bienestar social - Recursos discapacidad fisica [por_1000_hab],Bienestar social - Recursos toda la poblacion [por_1000_hab],Bienestar social - Recursos conductas adictivas [por_1000_hab],Bienestar social - Recursos familia menores y adopciones [por_1000_hab],Bienestar social - Recursos inmigracion [por_1000_hab],Bienestar social - Recursos enfermedad mental [por_1000_hab],Bienestar social - Recursos dependencia [por_1000_hab],Bienestar social - Recursos discapacidad [por_1000_hab],Bienestar social - Recursos mayores [por_1000_hab],Bienestar social - Recursos juventud [por_1000_hab],Bienestar social - Recursos mujeres [por_1000_hab],Bienestar social - Cheques escolares cobertura poblacion de 0 a 5 anos [%],Bienestar social - Cheques escolares solicitantes [por_1000_hab],Bienestar social - Cheques escolares concedidos sobre solicitudes [%],Bienestar social - Renta familiar media solicitantes cheques escolares [EUR],Pobreza - No puede permitirse movil [%],Pobreza - No puede afrontar imprevisto 650 EUR [%],Pobreza - No tiene lavadora [%],Pobreza - Infantil (2021) Tasa distrito [%],Medio ambiente - Superficie zonas verdes [m2_hab],Medio ambiente - Arbolado [por_1000_hab],Medio ambiente - Ruido ambiental Lden [media],Medio ambiente - NO2 (trafico) [ug_m3_media],Medio ambiente - Contaminacion por particulas PM10_PM2.5 [indice_z],Medio ambiente - Ozono (contaminante secundario) [ug_m3_media],Hechos discriminatorios [por_1000_hab],Hechos discriminatorios - Discriminación étnico-cultural y racial [por_1000_hab],Hechos discriminatorios - Intolerancia religiosa [por_1000_hab],Hechos discriminatorios - Capacitismo [por_1000_hab],Hechos discriminatorios - Discriminación por sexo-género y diversidad sexual [por_1000_hab],Hechos discriminatorios - Aporofobia [por_1000_hab],Hechos discriminatorios - Ideologia [por_1000_hab],Hechos discriminatorios - Interseccional [por_1000_hab],Hechos discriminatorios - Edadismo [por_1000_hab],Urbanismo - PAA proyectos [por_km2],Urbanismo - PAA superficie [% superficie distrito],Centros educativos [por_km2],Centros educativos [por_1000_hab],Bancos en via publica [por_km2],Bancos en via publica [por_1000_hab],Puntos WiFi [por_km2],Puntos WiFi [por_1000_hab],Cultura y ocio - Zonas de actividades [por_km2],Cultura y ocio - Clubs federados [por_1000_hab],Colecaminos - tramos [por_km2],Colecaminos - tramos [por_1000_hab],Seguridad y convivencia - Hidrantes [por_km2],Manzanas catastrales [por_km2],Manzanas catastrales [por_1000_hab],Anuario 2021 vivienda | establecimiento colectivo [% distrito],Anuario 2021 vivienda | superficie por ocupante <20m2 [% distrito],Anuario 2021 vivienda | superficie por ocupante 20-40m2 [% distrito],Anuario 2021 vivienda | superficie por ocupante 80+m2 [% distrito],Padron 2025 | Poblacion,Padron 2025 titulacion 18+ | No sabe leer ni escribir [%],Padron 2025 titulacion 18+ | Inferior a graduado escolar [%],Padron 2025 titulacion 18+ | Graduado escolar o equivalente [%],Padron 2025 titulacion 18+ | Bachiller FP2 o superior [%],Edificacion vivienda 2024 venta trimestral | Precio medio anual [EUR_m2],Edificacion vivienda 2024 venta trimestral | Esfuerzo financiero medio [%],Edificacion vivienda 2024 venta trimestral | Crecimiento anual compuesto medio [%],Edificacion vivienda 2024 alquiler idealista | Precio medio anual [EUR_m2_mes],Edificacion vivienda 2023 alquiler | Viviendas alquiladas [por_1000_hab],Edificacion vivienda 2024 licencias construccion | Viviendas [por_1000_hab],Edificacion vivienda 2024 licencias construccion | Aparcamientos [por_1000_hab],Edificacion vivienda 2024 licencias construccion | Industrial/comercial [por_1000_hab],Edificacion vivienda 2024 licencias construccion | Edificios [por_1000_hab],Edificacion vivienda 2024 licencias construccion | Viviendas con licencia [por_1000_hab],Edificacion vivienda 2024 licencias construccion | Garajes con licencia [por_1000_hab],Edificacion vivienda 2024 rehabilitacion | Integral [por_1000_hab],Edificacion vivienda 2024 rehabilitacion | Parcial [por_1000_hab],Edificacion vivienda 2025 inmuebles uso | Almacen/aparcamiento [por_1000_hab],Edificacion vivienda 2025 residencial antiguedad | Edad media [anos],Edificacion vivienda 2025 valor catastral tramos | Bajo <=18k [%],Edificacion vivienda 2025 valor catastral tramos | Medio 18_36k [%],Edificacion vivienda 2025 valor catastral tramos | Medio-alto 36_60k [%],Edificacion vivienda 2025 valor catastral tramos | Alto >60k [%],Edificacion vivienda 2025 aparcamientos | Superficie total [m2],"Recursos municipales - Centros escolares, mercados y locales publicos construidos [m2_por_1000_hab]","Recursos municipales - Centros escolares, mercados y locales publicos valor [EUR_por_1000_hab]",Recursos municipales - Patrimonio y suelo municipal construidos [m2_por_1000_hab],Recursos municipales - Patrimonio y suelo municipal valor [EUR_por_1000_hab],Recursos municipales - Otros edificios construidos [m2_por_1000_hab],Recursos municipales - Otros edificios valor [EUR_por_1000_hab],Recursos municipales 2024 | Sugerencias quejas y reclamaciones [%],Policia local - Trafico y movilidad [por_1000_hab],Policia local - Seguridad y vigilancia [por_1000_hab],Policia local - Control administrativo y espacio publico [por_1000_hab],Policia local - Atencion e incidencias humanitario-riesgo [por_1000_hab],Bomberos - Rescate y asistencia [por_1000_hab],Bomberos - Incendios y alertas de riesgo [por_1000_hab],Consumo publico - Agua [litros_hab_dia],Consumo publico - Alumbrado publico [kWh_por_km2],Consumo publico - Pasos inferiores potencia instalada [kW_por_km2],Consumo publico - Monumentos potencia instalada [kW_por_km2],Educacion - Alumnado infantil [por_1000_hab],Educacion - Alumnado publico infantil [%],Educacion - Alumnado extranjero infantil [%],Educacion - Alumnado por unidad infantil [media],Educacion - Alumnado primaria [por_1000_hab],Educacion - Alumnado publico primaria [%],Educacion - Alumnado extranjero primaria [%],Educacion - Alumnado por unidad primaria [media],Educacion - Alumnado ESO [por_1000_hab],Educacion - Alumnado publico ESO [%],Educacion - Alumnado extranjero ESO [%],Educacion - Alumnado por unidad ESO [media],Educacion - Alumnado bachillerato [por_1000_hab],Educacion - Alumnado publico bachillerato [%],Educacion - Alumnado extranjero bachillerato [%],Educacion - Alumnado por unidad bachillerato [media],Educacion - Alumnado FP grado medio [por_1000_hab],Educacion - Alumnado publico FP grado medio [%],Educacion - Alumnado extranjero FP grado medio [%],Educacion - Alumnado por unidad FP grado medio [media],Educacion - Alumnado FP grado superior [por_1000_hab],Educacion - Alumnado publico FP grado superior [%],Educacion - Alumnado extranjero FP grado superior [%],Educacion - Alumnado por unidad FP grado superior [media],Educacion - PAU media [nota],Educacion - PAU alumnado apto [%],Educacion - PAU diferencia expediente-PAU [nota],Educacion - PAU alumnado presentado sobre matriculado [%],Vivienda - Viviendas super recientes menos de 10 anos [%],Vivienda - Viviendas recientes menos de 25 anos [%],Vivienda - Viviendas antiguas mas de 50 anos [%],Vivienda - Viviendas historicas mas de 100 anos aprox [%],Vivienda - Superficie construida muy pequena <=60m2 [%],Vivienda - Superficie construida media 61_120m2 [%],Vivienda - Superficie construida grande 121_200m2 [%],Vivienda - Superficie construida muy grande >200m2 [%],Edificacion vivienda 2025 inmuebles uso | Actividad economica no residencial [por_1000_hab],Urbanismo - Parcelas urbanas pequenas <=500m2 [por_100_hab],Urbanismo - Parcelas urbanas medianas 501_10000m2 [por_100_hab],Urbanismo - Parcelas urbanas grandes >10000m2 [por_100_hab],Urbanismo - Parcelas urbanas superficie [m2_hab],Vivienda - Peso del valor del suelo sobre valor catastral total [%],Demografia - Movilidad residencial total entradas+salidas [por_1000_hab],Demografia - Balance residencial neto entradas-salidas [por_1000_hab],Bienestar social - Recursos exclusion social y reinsercion [por_1000_hab]
__categoria__,CATEGORIA,Territorio,Movilidad y transporte,Movilidad y transporte,Movilidad y transporte,Movilidad y transporte,Movilidad y transporte,Movilidad y transporte,Movilidad y transporte,Movilidad y transporte,Movilidad y transporte,Urbanismo e infraestructuras,Otros,Otros,Otros,Otros,Otros,Otros,Otros,Otros,Otros,Otros,Otros,Otros,Otros,Otros,Economia,Economia,Economia,Economia,Economia,Economia,Economia,Economia,Economia,Economia,Economia,Economia,Economia,Economia,Economia,Economia,Economia,Economia,Economia,Economia,Economia,Economia,Economia,Economia,Economia,Economia,Economia,Demografia,Demografia,Demografia,Demografia,Demografia,Demografia,Demografia,Demografia,Demografia,Demografia,Demografia,Demografia,Demografia,Demografia,Demografia,Demografia,Demografia,Demografia,Demografia,Demografia,Movilidad y transporte,Movilidad y transporte,Movilidad y transporte,Movilidad y transporte,Movilidad y transporte,Movilidad y transporte,Movilidad y transporte,Movilidad y transporte,Movilidad y transporte,Demografia,Demografia,Demografia,Demografia,Demografia,Demografia,Demografia,Demografia,Demografia,Demografia,Demografia,Demografia,Demografia,Demografia,Demografia,Demografia,Demografia,Demografia,Demografia,Demografia,Demografia,Sociedad y Bienestar,Sociedad y Bienestar,Urbanismo e infraestructuras,Urbanismo e infraestructuras,Urbanismo e infraestructuras,Urbanismo e infraestructuras,Urbanismo e infraestructuras,Urbanismo e infraestructuras,Educacion,Educacion,Educacion,Medio Ambiente,Medio Ambiente,Medio Ambiente,Medio Ambiente,Medio Ambiente,Sociedad y Bienestar,Sociedad y Bienestar,Sociedad y Bienestar,Sociedad y Bienestar,Sociedad y Bienestar,Sociedad y Bienestar,Sociedad y Bienestar,Sociedad y Bienestar,Sociedad y Bienestar,Sociedad y Bienestar,Sociedad y Bienestar,Sociedad y Bienestar,Sociedad y Bienestar,Sociedad y Bienestar,Sociedad y Bienestar,Sociedad y Bienestar,Sociedad y Bienestar,Sociedad y Bienestar,Sociedad y Bienestar,Sociedad y Bienestar,Sociedad y Bienestar,Sociedad y Bienestar,Sociedad y Bienestar,Sociedad y Bienestar,Sociedad y Bienestar,Sociedad y Bienestar,Sociedad y Bienestar,Sociedad y Bienestar,Sociedad y Bienestar,Sociedad y Bienestar,Sociedad y Bienestar,Medio Ambiente,Medio Ambiente,Medio Ambiente,Medio Ambiente,Medio Ambiente,Medio Ambiente,Seguridad y convivencia,Seguridad y convivencia,Seguridad y convivencia,Seguridad y convivencia,Seguridad y convivencia,Seguridad y convivencia,Seguridad y convivencia,Seguridad y convivencia,Seguridad y convivencia,Urbanismo e infraestructuras,Urbanismo e infraestructuras,Educacion,Educacion,Urbanismo e infraestructuras,Urbanismo e infraestructuras,Otros,Otros,Cultura y Ocio,Cultura y Ocio,Educacion,Educacion,Seguridad y convivencia,Urbanismo e infraestructuras,Urbanismo e infraestructuras,Urbanismo e infraestructuras,Urbanismo e infraestructuras,Urbanismo e infraestructuras,Urbanismo e infraestructuras,,Educacion,Educacion,Educacion,Educacion,Urbanismo e infraestructuras,Urbanismo e infraestructuras,Urbanismo e infraestructuras,Urbanismo e infraestructuras,Urbanismo e infraestructuras,Urbanismo e infraestructuras,Urbanismo e infraestructuras,Urbanismo e infraestructuras,Urbanismo e infraestructuras,Urbanismo e infraestructuras,Urbanismo e infraestructuras,Urbanismo e infraestructuras,Urbanismo e infraestructuras,Urbanismo e infraestructuras,Urbanismo e infraestructuras,Urbanismo e infraestructuras,Urbanismo e infraestructuras,Urbanismo e infraestructuras,Urbanismo e infraestructuras,Urbanismo e infraestructuras,Urbanismo e infraestructuras,Urbanismo e infraestructuras,Urbanismo e infraestructuras,Urbanismo e infraestructuras,Urbanismo e infraestructuras,Urbanismo e infraestructuras,Otros,Seguridad y convivencia,Seguridad y convivencia,Seguridad y convivencia,Seguridad y convivencia,Seguridad y convivencia,Seguridad y convivencia,Medio Ambiente y servicios urbanos,Medio Ambiente y servicios urbanos,Medio Ambiente y servicios urbanos,Medio Ambiente y servicios urbanos,Educacion,Educacion,Educacion,Educacion,Educacion,Educacion,Educacion,Educacion,Educacion,Educacion,Educacion,Educacion,Educacion,Educacion,Educacion,Educacion,Educacion,Educacion,Educacion,Educacion,Educacion,Educacion,Educacion,Educacion,Educacion,Educacion,Educacion,Educacion,Urbanismo e infraestructuras,Urbanismo e infraestructuras,Urbanismo e infraestructuras,Urbanismo e infraestructuras,Urbanismo e infraestructuras,Urbanismo e infraestructuras,Urbanismo e infraestructuras,Urbanismo e infraestructuras,Urbanismo e infraestructuras,Urbanismo e infraestructuras,Urbanismo e infraestructuras,Urbanismo e infraestructuras,Urbanismo e infraestructuras,Urbanismo e infraestructuras,Demografia,Demografia,Sociedad y Bienestar
1,CIUTAT VELLA,"1,69","2,37","82,34","13,02","18,61","24,51","162,44","419,21","382122,44","781,7",0,"74,75","0,45","0,78","99,22","41,67","17,66","17,64",15,"4,89","1,72","5,09","2,23","38,97","58,8",22047,25550,"35,3","49,2","15,8","0,8","47,03","6,49","17,35","27,35","15,79","55,58","566,73","236,02","71,39","3,35","7,04","89,61","23,63","92,19","171,75","170,53","6,53","13,44","16,29","296,7","2,2","-0,46","1,98",18055,"1,7","44,4","83,5","107,8","10,39","18,3","43,99","28,37","35,66","32,21","16,28","9,78","8,84","3,35","22,29","6,92","0,33","29,67","16,67","13,62","2,98","1,19","2,38","6,55","445,24",28,"16,01",178,"5,89","1,44","26,66","4,62","19,26","5,82","47,5","24,42","47,83","31,87","6,21","7,72","40,09","106,16","8,3","51,73","50,44",91,"92,1","15,48","0,97","636,81","120,87","2,56","299,07","62682,55","485,18","12,77","12,16","18,35","868,64","32,14","1,19","1,19","8,46","18,39","33,8","36,77","29,74","1,97","0,2","2,69","0,26","0,07","4,03","8,78","2,56","0,13","0,23","0,03","0,2","0,07","0,16","0,2","0,16","0,33","0,13","0,13","13,3","7,83","65,3","33171,92","0,9","22,9","0,9","16,3","39,89","250,28","2,73","23,51","0,47",,"2,29","1,25","0,07","0,2","0,72","0,07",0,0,0,"1,19","0,01","22,62","1,42","511,9","32,19","23,21","1,46","107,14","1,9","8,33","0,52","152,38","245,83","15,46","3,2","18,21","42,53","10,62",30510,"0,06","6,31","16,98","76,65","3040,75","48,02","7,35","17,62","102,49","0,1",0,"0,1","0,1","0,23",0,"0,23","0,36","352,34","70,6","10,68","22,65","26,36","40,31",373440,"2527,98","3459620,88","1026,33","975159,35","1280,95","1139248,17","5,2","179,09","341,07","264,27","251,03","14,26","4,03","232,2","697052,66","31,27","71,73","18,65","11,95","19,33","19,6","33,99","13,79","20,06","22,5","44,22","46,18","14,97",25,"32,06","72,39","11,66","27,9","34,58",100,"12,8",24,"30,06",100,"12,43","23,5","6,39","94,9","1,3","99,16","2,49","16,19","65,44","26,68","12,94","44,96","31,12","10,99","214,19","0,87","0,05",0,"1,41","52,25","27,6","2,94","0,13"
2,L'EIXAMPLE,"1,73","8,67","194,91","13,52","19,12","23,36","245,31","381,75","1020719,95","758,01",0,"76,17","0,48","0,76","99,24","49,04","16,31","14,24","13,6","3,38","2,14","4,98","1,95","33,09","64,96",23476,28350,"29,4","49,9","16,2","0,7","47,94","6,07","19,27","27,17","13,72","55,07","429,12","185,23","61,67","2,47","6,84","90,69","14,83","92,41","33,73","54,27","2,44","6,41","12,27","158,45","2,06","-0,2","2,15",26100,"1,4","45,4","85,1",125,"12,35","20,8","54,56","17,66","36,63","35,12","17,95","3,64","12,91","3,73","18,95","6,97","0,73","32,16","7,56","99,51","2,91","1,74","1,16",0,"447,67","18,18","17,43","169,62","7,54","1,81","26,6","5,7","22,41","7,88","41,51","33,98","44,84","36,74","7,21","7,44","37,54","67,52","8,97","44,62","31,02","85,6","91,1","2,33","0,09","558,36","122,66","5,65","188,35","69275,14","513,43","7,53","14,59","27,88","1085,98","18,6","3,49",0,"8,86","38,19","24,67","34,24","32,11","0,18","0,09","0,75",0,0,"0,97","4,18","1,22","0,04",0,0,"0,04",0,"0,04","0,04",0,"0,11","0,02",0,"14,4","9,64","66,7","37066,99","1,7","20,5",5,"14,7","54,27","302,68",,"23,51","0,47",,"0,93","0,4",0,0,"0,4",0,"0,13",0,0,0,0,"41,86","1,7",350,"14,22","15,12","0,61","94,19","1,44","19,77","0,8",100,"76,74","3,12","0,4","15,68","46,78","9,93",45236,"0,04","4,6","14,42","80,94","2888,25","42,2","6,28","16,18","92,18","0,04","0,02","0,24","0,04","1,13","0,97","0,04","0,13","318,31","73,7","2,97","21,28","29,28","46,47",482804,"1060,33","1274929,75","7,76","297980,87","661,93","515276,74","4,2","133,04","136,37","92,05","125,17","7,41","2,34","156,3","548379,19","65,41","0,38","42,51","17,84","9,78","17,3","53,7","31,45","11,82",25,"42,78","25,58","12,71","26,5","20,36","20,63","7,06","30,7","20,71","61,9","17,4","21,3","34,77","28,61","23,78","24,2","6,09","89,6","1,65",100,"1,37","5,12","74,83","16,7","4,92","47,19","39,37","8,53","102,71","0,1","0,03",0,"2,16","60,16","51,3","7,84",0
3,EXTRAMURS,"1,97","7,61","132,83","13,45","17,35","23,51","195,29","265,71","885721,29","3686,1",0,"75,96","0,51","0,77","99,23","43,42","19,88","16,83","12,3","3,69","2,45","5,2","2,27","39,48","58,25",19433,24850,34,"54,8","21,1",1,"46,4",7,"20,22","21,7","16,88","55,22","258,26","115,91","49,4","2,74","4,99","92,28","8,35","91,69","19,43","48,39","2,34","3,89","6,07","100,49","1,05","-0,98","2,19",26056,"1,4","45,5","85,1","119,2","11,49","21,07","52,34","17,9","36,07","28,62","15,74","4,87","5,75","5,18","28,19","11,49","0,16","36,89","35,71","190,01","7,14",25,"9,18",0,"328,57","13,39","17,59","185,48","7,44","1,63","27,02","5,51","23,45","8,4","40,31","29,2","44,06","36,52","7,35","7,56","41,76","73,28","9,47","46,15","35,74","86,1","88,3","9,18","0,37","541,57","116,25","2,59","482,91","58791,79","486,55","5,2","10,39","34,41","1089,76","32,65",0,"1,02","7,05","30,89","25,98","34,06","30,01","0,58","0,31","0,82","0,08",0,"1,03","4,09","0,91","0,04","0,04","0,04","0,08",0,"0,02","0,04","0,1","0,1","0,02","0,02","19,8","11,72","69,3","35521,74","3,2","32,3",19,"16,8","13,11","192,82",,"23,51","0,47",,"0,7","0,27",0,"0,04","0,27","0,08",0,"0,04",0,0,0,"44,9","1,83","202,04","8,23","4,59","0,19","48,98","1,69","4,08","0,17","82,65","71,43","2,91","0,9","17,73","48,49","8,17",51375,"0,04","5,64","18,73","75,59","2347,75","41,25","6,97","13,99","88,18","0,04","0,04","0,04","0,04","1,6","1,83","0,12","0,08","300,65","65,4","4,32","20,45","34,55","40,67",483693,"838,87","391566,7","12,76","49074,42","211,31","91201,76","6,4","134,99","144,35","70,4","129,17","7,53","3,06","155,4","527941,12","121,57","1,22","44,77","15,83","9,09","17,6","60,77","27,35","14,77",25,"44,69","21,82","15,11",28,"20,69","17,97","7,62","33,2","27,17","85,03","14,11","20,2","50,61","58,65","14,65","24,3","6,05","90,4","1,65","99,42","1,5","5,75","71,65","11,5","5,82","52,24","39,28","2,66","76,15","0,08","0,05",0,"0,99","52,21","33,9","4,35","0,06"
4,CAMPANAR,"5,24","4,58","137,11","12,27","31,8","32,91","275,77","431,04","452075,61","697,95",0,"72,53","0,64","0,86","99,14","38,78",25,"15,99","12,88","3,21","2,63","5,68","2,21","43,4","54,4",17413,23450,"29,7","59,3","21,5",1,"47,1","7,41","20,29","17,46","17,22","52,25","166,88","75,8",45,"2,06","5,76","92,19","3,6","92,2","38,45","10,79","0,7","3,84","3,86","93,39","0,58","-0,01","2,44",7964,"1,9","44,4","85,4","137,7","14,28","21,02","46,95","19,31","35,21","25,11","22,57","5,59","1,94","4,78","27,81","12,19","0,01","38,97","1,54","171,8","0,38","1,54","0,38",0,"148,94","20,33","12,27","159,16","11,06","2,04","26,93","6,72","22,32","6,29","31,05","28,17","42,5","40,24","5,74","7,34","34,01","67,36","7,33","33,14","36,09","89,6","76,2","0,77","0,1","459,04","114,08","5,02","60,31","58111,98","490,97","11,26","9,57","29,17","1001,34","26,1","1,15",0,"4,34","35,19","32,23","34,61","34,3","0,34","0,14","0,77",0,0,"0,41","2,06","0,22",0,"0,02","0,02","0,1","0,02","0,02","0,07","0,07","0,12","0,02",0,20,"12,75","72,4","31835,26","3,4","26,7","1,7","20,4","174,83","1044,95","2,27","24,55","0,62","49,83","0,43","0,24","0,05",0,"0,05","0,05","0,05",0,0,0,0,"14,2","1,94","181,96","24,83","1,92","0,26","10,75","1,34","3,84","0,52","51,82","50,1","6,84","0,46","20,27","52,87","5,6",41713,"0,1","9,85","24,28","65,77","2278,25","39,38","8,2","14,16","71,25","0,02","0,02","0,02","0,02","0,1","0,1",0,0,"397,41","40,6","6,25","22,01","30,51","41,23",597230,"585,98","834368,32","47,94","596152,81","344,49","158159,23","4,2","122,38","155,37","65,16","102,46","7,65","2,88","179,9","504607,82","24,35","0,15","34,11","32,04","14,83","15,1","55,35","21,87","24,95","24,1","56,63","36,37","23,88","26,8","18,91","49,68","13,31","27,2","22,32","72,18","11,49","27,4","36,63","70,09","12,37","27,8","5,84","87,1","1,63","99,4","4,35","30,25","31,22","0,72","4,78","57,43","36,1","1,69","52,94","0,2","0,07","0,01","6,31","34,87","31,1","6,59",0
5,LA SAIDIA,"1,94","5,67","78,53","13,51","12,64","16,37","128,69","188,89","661056,18","799,77",0,"70,19","0,66","0,85","99,15","33,75","26,73","19,58","11,83","4,55","1,97","4,55","2,58","49,72","47,7",15039,19950,"28,9","58,3","24,2","1,7","43,98","8,96","20,23","15,23","20,63","55,18","122,95","61,14","35,87","2,95","8,18","88,87","4,24","88,67","2,54","30,83","1,55","1,64","3,69","75,02","0,55","-0,55","2,25",25099,"0,8","45,9","84,5","119,6","11,22","21,64","46,91","20,03","35,81","24,58","14,62","8,44","1,67","6,34","33,26","10,99","0,09","35,5","12,44","87,57","3,11","6,22","3,11",0,"252,85","10,44","17,07",195,"6,84","1,66","28,29","6,13","23,27","8,33","37,65","30,52","43,44","36,43","7,46","7,22","39,66","68,25","9,63","41,66","37,87","87,9","88,7","3,11","0,13","500,32","100,6","3,15","137,2","37404,15","358,76","12,88","15,25","21,87","2076,13","37,31","1,04",0,4,24,"26,33","25,14","25,23","0,25","0,2","0,57","0,08","0,04","0,72","1,95","0,2","0,02","0,04","0,04","0,1","0,02",0,"0,02","0,14","0,16","0,02",0,"19,7","10,76","75,2","31499,73","0,8","22,7","0,8","28,1","95,44","757,52",,"21,37","0,8","53,54","0,61","0,29",0,"0,08","0,25",0,0,0,0,"0,52","0,03","32,12","1,33","310,88","12,84","6,74","0,28","22,8","1,19","17,62","0,73","65,28","101,55","4,2","1,46","27,77","47,17","4,46",48791,"0,08","13,06","28,51","58,35",1776,"35,4","7,38","12,57","80,69",0,0,0,0,0,0,0,"0,06","257,4","51,2","10,49","42,89","36,25","10,37",308266,"473,74","550755,36","45,98","158032,87","256,17",183047,"3,9","89,4","148,02","79,19","83,7","5,72","2,4","127,5","885244,85","72,55","0,85","38,84","20,47","14,46",18,"70,91","27,43","21,24",24,"58,25","28,92","18,19","28,7","21,21","49,18","12,27","30,4","2,91",100,"10,56","23,7","13,32","54,31","22,15","27,1","6,15","94,3","1,42","98,97","1,81","5,98","58,12","1,24","4,23","74,72","20,34","0,7","63,28","0,34","0,05",0,"1,26","32,54","21,3","1,83","0,14"
6,EL PLA DEL REAL,"1,69","5,92","154,89","13,5","25,51","27,48","287,28","416,81","876861,42","1102,45",0,"79,38","0,39","0,83","99,17","55,51","14,08","9,51","14,67","1,97",3,"6,06","1,74","25,07","73,19",23637,30450,"30,9","50,3","18,4","0,6","47,21","5,26","20,26","24,03","14,98","55,62","253,06","125,26","52,26","2,1","7,39","90,51","5,9","93,33","36,47","24,16","1,16","8,33","7,37","169,94","0,8","0,03","2,4",18433,"0,6","44,7","85,7","108,7","14,09","22,62","54,01","12,58","35,14","31,44","15,72","4,74","4,84","4,33","26,32","12,48","0,13","40,49","2,38","66,17","1,19","0,6","0,6",0,"483,33","26,84","16,31","161,05","9,16","3,74","25,58","9,27","25,24","9,37","35,9","37,42","44,07","39,59","6,73","6,24","32,66","54,06","8,42","39,92","29,34","85,2","95,2",0,0,"503,72","132,97","1,18","644,82","86273,14","614,78","5,95","8,7","35,35","1096,28","26,19",0,"1,19","8,4","22,9","27,68","39,22","29,89","0,45","0,13","0,64",0,0,"0,8","2,4","0,61","0,03",0,"0,06",0,0,"0,03",0,"0,06","0,06",0,0,"16,3","14,45","59,4","39814,72",0,"12,5",0,"11,3","90,61","771,2",5,"17,94","-0,91","53,95","0,38","0,26",0,"0,13",0,0,0,0,0,0,0,"27,38","1,52","246,43","13,68","2,98","0,17","19,05","1,6",0,0,"94,05","73,21","4,07","0,31","16,76","48,02","9,08",31206,"0,05","4,43","13,23","82,29",2624,"36,1","5,95","13,73","91,78","0,03",0,0,"0,03","1,15",0,0,0,"402,42","50,2","0,23","12,13","26,31","61,33",400667,"1920,05","3399005,18","713,15","779937,73","456,51","236074,35","3,1","147,82","94,12","85,5","109,66","7,88","2,02",170,"860934,91",0,"2,13","43,42","15,87","5,68","18,3","66,65","25,58","10,67","24,8","46,43",0,"4,55",29,"34,67",0,"5,91","31,8","6,25",100,"17,95","24,4","8,75",100,"27,47","14,4","6,4","93,9","1,18",100,"0,3","5,86","53,64","1,11","3,77","49,03","37,36","9,84","70,27","0,06","0,03",0,"0,64","50,42","28,7","2,24",0
7,L'OLIVERETA,"1,99","5,53","127,28","13,92","12,11","15,12","186,7","172,92","702297,66","890,05",0,"64,65","0,86","0,78","99,22","33,28","29,61","16,47","12,67","3,84","2,08","5,08","2,78","48,96","48,26",12952,16450,"27,5","58,8","23,8","2,1","42,4","10,19","18,43","13,67","22,62","50,7","97,19","50,1","33,23","3,47","9,54","86,99","3,15","85,99","1,19","18,71","1,09","1,15","2,6","47,24","0,42","-0,79","2,36",26307,"1,6","44,8","83,1","114,9","11,13","19,11","42,04","25,7","35,13","15,22","10,04","7,67","0,97","7,85","38,48","19,74","0,04","35,1","16,67","129,55","0,51","9,6","7,07",0,"286,87","11,73","18,82","175,38","6,72","2,07","27,49","7,93","22,53","8,66","35,7","30,84","42,37","34,96","7,75","8,02","43,51","86,04","9,63","40,52","48,75","90,7","99,2","3,03","0,12","461,11","96,51","5,36","93,71","34252,5","342,44","13,94","6,34","29,72","3606,33","36,36",0,0,"3,56","26,81","26,78","21,74","25,33","0,38","0,08","0,8","0,04",0,"0,63","1,53","0,25","0,02","0,02",0,"0,04","0,02",0,"0,02","0,13","0,21","0,02","0,04","18,4","10,02","75,6","24223,58","3,9","54,9","3,1","39,2","63,24","308,03",3,"25,78","1,27","49,83","0,5","0,34",0,"0,04","0,08","0,04",0,0,0,0,0,"33,33","1,36","242,42","9,91","12,12","0,5","25,25","0,73","4,04","0,17","53,54","126,26","5,16","0,54","27,94","47,55","5,04",52319,"0,14","17,05","34,01","48,8",1577,"36,38","9,18","11,64","73,01","0,04","0,04","0,06","0,04","9,96","9,96","0,02","0,02","159,18","52,6","12,69","49,27","30,71","7,33",294144,"1074,15","853747,31","29,37","186953,65","377,18","143640,72","4,4","88,27","156,94","56,23","109,69","6,25","1,93","117,9","636579,4","18,15",0,"33,28","34,81","19,53","16,9","55,62","40,24","30,21","23,3","49,7","40,35","26,38",26,"25,78","71,39","14,16",30,"10,97","13,76","21,25","23,9","56,02","4,5","16,65","32,9","5,64","85,1","1,8","98,2","1,25","6,01","68,27","0,29","4,97","77,12","17,65","0,26","35,66","0,08","0,06",0,"2,04","31,37","44,8","6,06","0,02"
8,PATRAIX,"2,87","3,48","116,05","12,71","15,02","15,74","219,22","319,84","525739,14","906,27",0,"72,36","0,76","0,93","99,07","33,65","27,89","18,39","12,1","3,78","2,15","5,66","2,65","49,11","48,24",15786,20650,26,61,"22,9","1,5","46,71","8,5","19,11","14,5","18,21","52,93","132,41","62,78","40,99","3,26","8,22","88,52","4,59","89,02","4,43","11,98","0,74",2,"3,53","70,03","0,6","-0,73","2,34",20917,"1,1",46,"84,5","133,3","10,85","21,76","53,37","13,51","36,27","20,54","10,22",8,"1,53","7,45","35,5","16,66","0,09","35,48","14,74","160,08","5,96","11,93","2,11","1,4","185,96","9,24","12,44","199,57","7,48","1,35","29,34","5,18","23,61","6,73","32,44","28,55","41,54","40,48","6,49","7,71","38,88","51,5","8,43","33,14","33,24","89,5","85,5","0,7","0,03","463,1","109,82","11,09","120,2","45917,66","410,86","17,95","5,14","26,91","1517,93","24,56","2,11",0,"3,71","27,12","29,22","30,66","29,11","0,2","0,1","0,63","0,03",0,"0,52","2,25","0,3","0,02","0,05","0,03",0,"0,05",0,"0,02","0,05","0,17","0,03",0,"19,5","10,17","72,7","33538,81","3,1",36,"2,3","23,4","40,39","303,79","3,03","25,78","1,27","49,83","0,67","0,3","0,03","0,1","0,07","0,17",0,0,0,0,0,"18,25","0,91","202,81","10,08","4,56","0,23","21,05",1,"2,11","0,1","77,19","77,89","3,87","0,13","19,13","54,51","5,46",60087,"0,08","12,97","30,29","56,66","1775,25","35,92","8,03","11,62","59,68","0,1","0,1","0,08","0,1","5,04","2,76","0,02",0,"308,12","43,6","3,11","28,29","50,55","18,06",417174,522,"560858,2","10,28","377534,4","421,96","294086,97",5,"87,64","98,61","61,21","121,22","4,46","1,86","131,9","445240,42","3,23","0,37","28,33","48,94","12,28","17,2","43,55","77,03","24,49","23,2","24,96","69,2","19,07","28,3","6,14","81,57","12,2","28,4","6,31","89,18","14,25","23,7","8,99","69,44","22,59","23,5","5,8","88,3","1,92",100,"4,69","12,19","35,76","0,41","2,08","68,92","28,43","0,56","63,8","0,22","0,18","0,01","5,3","30,94","23,2","2,08",0
9,JESUS,"2,98","3,01","102,11","13,65","13,45","15,69","146,27","190,7","434294,26","503,11",0,"68,97","0,75","0,89","99,11","31,65","29,73","17,59","13,31","3,53","1,83","5,27","2,84","49,96","47,2",13668,17850,"25,6",60,"23,8",2,"44,78","9,66","18,39","14,25","21,81","51,54","114,46","53,44","35,91","3,34","9,82","86,84","3,83","86,04","1,77","19,11","1,04","1,84","2,82","51,24","0,48","-0,24","2,34",18195,"1,3","45,5","83,6","125,8","10,67","20,78","47,46","19,96","35,88","17,04","8,66","10,91","0,99","7,81","37,76","16,75","0,07","33,14","10,77","124,51","3,03","9,43","1,68",0,"131,99","7,57","14,37","185,73","7,08","1,51","28,73","6,21","22,17","7,21","33,89","27,38","41,18","38,92","6,66","7,77","40,93","66,11","7,01","39,93","38,54","92,8","81,8","1,35","0,08","460,71","103,99","11,13","72,84","39052,11","364,21","7,59","31,59","10,82","1308,21","114,48","1,35",0,"3,48","24,28","27,93","24,43","25,59","0,59","0,07","0,74",0,0,"0,52","1,88","0,2","0,02","0,02","0,04","0,02",0,"0,04","0,02","0,15","0,11","0,02",0,"20,1","8,86","80,9","25604,78","3,1","25,1","4,7","31,7","18,69","357,68","5,19","28,33","-1,09","47,19","0,48","0,26","0,04","0,04","0,15",0,0,0,0,"0,34","0,01","18,18","1,04","166,33","9,54","2,36","0,14","18,18","1,38",0,0,"43,1","71,72","4,11","0,06","27,14","50,59","3,91",54305,"0,13","18,11","33,97","47,78","1753,5","37,85","11,18","11,73","70,38","0,06","0,02","0,06","0,06","0,57","0,15","0,02",0,"219,87","48,5","10,94","41,16","38,12","9,77",312188,"601,58","407365,59","34,65","277321,64","30,98","1518422,59","3,6","65,39","136,38","53,44","77,84","4,71","2,1","106,3","262172,91",0,0,"21,93",33,"16,62","15,7","37,14","55,23","26,92","22,7","26,66","59,39","26,38","25,4","2,76",100,"9,33",25,"26,55","9,43","13,04","25,8","25,34","38,66","14,1","22,9","6,12","98,5","1,59","98,48","0,36","10,23","49,89","1,17","2,38","77,01","20,19","0,42","54,9","0,27","0,2","0,01","6,12","29,66","26,5","2,5",0
10,QUATRE CARRERES,"11,32","1,24","87,19","13,74","13,92","16,34","262,66","217,91","259291,96","943,44",0,"66,26","0,7","0,74","99,26","36,58","25,44","16,68","13,73","3,44","2,04","5,78","2,52","44,7","52,78",14930,19250,"33,8","61,3","19,9","1,7","44,5","10,18",18,"16,33","18,98","53,29","108,08","64,24","37,42","2,97","8,14","88,88","4,02","87,75","21,84","32,05","1,88","2,28","2,65","59,04","0,43","0,21","2,39",7358,"3,8","44,2","84,2","123,9","12,57","18,82","49,68","21,09","34,95","24,87","21,56",5,"2,14","5,07","28,27","12,94","0,15","35,82","5,95","240,43","3,64","3,82","0,89","0,09","97,69","15,02","14,6","150,49","8,67","1,73","28,83","6,3","20,36","6,54","31,93","34,73","42,58","37,82","6,84","7,59","48,06","77,63","7,42","40,35","35,11","92,3","88,3","0,18","0,03","468,49","109,51","11,98","94,66","42238,85","383,14","16,26","14,21","19,53","790,46","8,7","0,89",0,"3,43","33,58","28,71","24,73","28,75","0,12","0,07","0,48",0,"0,02","0,54","1,67","0,4","0,01","0,01","0,01","0,07","0,01","0,01","0,01","0,01","0,11","0,02",0,"16,5","10,99","67,6","30141,08","1,4","42,1","16,8","30,4","86,95","479,76","4,29","26,58","-1,12","48,24","0,89","0,41",0,"0,1","0,31",0,"0,02","0,05",0,"0,09","0,01","6,93","1,07","76,91","11,83","1,42","0,22","4,8","1,25","0,18","0,03","46,54",46,"7,07","0,1","23,43","50,45","5,71",83333,"0,12","13,49","30,45","55,94",2134,"43,58","10,4","13,63","67,08","0,13","0,07","0,08","0,14","3,08","2,64","0,02",0,"254,93","43,7","5,66","38,38","37,62","18,35",594778,"581,25","390467,63","16,23","2787324,42","110,72","198083,99","7,9","98,06","129,6","61,66","91,4","7,06","2,88","139,1","299150,75","21,54","0,05","23,81","39,87","18,8","16,5","36,91","48,21","31,57","23,3","28,42","49,96","24,58","24,2",8,"52,92","14,39","25,7","11,88","16,77","15,76","28,3","22,33","3,76","14,24","25,1","6,06","90,6","1,45",100,11,"18,8","35,87","1,75","2,53","69,28","25,94","2,26","48,19","0,48","0,42","0,03","16,18","28,93",23,"9,77","0,01"
11,POBLATS MARITIMS,"3,97","2,77","70,8","13,97","8,03","9,73","152,87","133,62","543316,65","397,29",0,"64,1","0,73","0,81","99,19","28,92","31,27","18,92","12,44","4,52","1,75","4,69","3,01","53,58","43,41",13762,17850,"28,6","59,9","22,6",2,"41,02","11,97","17,42","14,42","19,95","55,29","106,86","59,78","42,72","3,07","7,86","89,07","6,51","85,69","41,19","114,81","5,1","2,77","4,02","83,49","0,43","-0,36","2,33",14550,"1,5","44,9","82,3","122,6","10,96","19,77","54,62","21,66","35,8","30,47","14,74","7,93","2,74","4,19","29,98","9,65","0,3","33,56","10,89","125,57","3,67","5,92","2,37","1,54","91,6","14,13","13,64","181,72","7,18","1,81","27,97","6,3","21,11","6,4","34,71","27,89","42,4","36,1","7,34",8,"40,36","75,49","8,24","41,29","39,33","92,5","84,9","1,89","0,29","526,86","99,58","15,1","95,7","34919,5","336,21","32,12","6,31","11,56","2521,3","11,83","0,24",0,"4,87","28,25","29,86","21,34","26,46","0,55","0,07","0,9",0,0,"0,52","3,19","0,42","0,05","0,05","0,03","0,1",0,"0,03","0,07","0,12","0,21","0,03","0,02","12,1","7,02","65,2","29689,4","16,2","35,2","16,2","37,1","91,37","718,22","2,8","19,39","-1,07","52,62","0,35","0,35",0,0,0,0,0,0,0,"0,12","0,03","8,99","1,39","174,2","26,87","4,73","0,73","11,36","1,66","5,68","0,88","33,61","68,05","10,5","0,35","32,79","45,21","3,55",57715,"0,14","19,59","33,13","47,13","1926,5","41,95","9,92","14,2","65,22","0,24","0,07","0,43","0,24","1,46","0,45","0,23","0,26","160,77","54,5","26,8","39,39","25,62","8,19",206078,"1702,25","1521166,85",227,"839801,33","356,89","412546,92",7,"138,09","218,23","127,89","128,23","8,46","3,1","166,5","678798,49",0,"0,91","24,95","40,49","19,44","13,8","48,19","46,53","27,72","18,5","29,82","28,94","26,96","23,6","5,41","65,71","17,31",26,"5,65","15,64","20,25","23,3","9,03",0,"27,45","26,1","6,07","90,5","1,44","98,96","2,18","11,12","49,98","5,26","8,7","74,36","14,95","1,98","68,22","1,12","0,17","0,01","10,38","29,6","20,5","2,67","0,02"
12,CAMINS AL GRAU,"2,37","3,38","96,33","12,88","21,55","25,52","86,43","468,86","741403,5","952,62",0,"69,74","0,65","0,84","99,16","36,46","27,43","16,08","12,35","3,46","2,52","5,18","2,54","46,1","51,36",15749,20650,"39,4","62,4","17,9","1,4","46,92","8,96","16,18","16,55","17,86","55,5","141,77","69,71","39,97","2,11","6,44","91,45","3,44","90,58","79,63","42,7","2,26","1,47","3,75","93,11","0,28","-0,22","2,37",28700,"0,7",44,"84,6",123,12,"18,44","48,37","20,6","35,84","25,81","18,05","6,3","2,14","3,15","27,57","16,8","0,17","35,98","8,94","199,63","2,98","4,68",0,0,"347,23","12,56","14,17","155,83","8,64","1,72","26,55","6,41","20,15","6,39","34,01","26,35","43,34","38,63","5,74","7,55","37,52","66,9","7,02","41,67","36,16","91,9","79,7","2,55","0,09","473,13","105,65","8,53","173,34","49557,02","439,04","20,85","7,36","21,79","1637,52","35,74","0,85",0,"3,22","24,85","28,1","28,02","26,86","0,59","0,03","0,38",0,0,"0,32","1,85","0,21","0,03","0,03",0,0,0,"0,04","0,04","0,13","0,07","0,01",0,"16,4","8,65","73,8",29906,"0,7",40,0,"23,6","56,61","455,2","2,5","21,43","-1,58","51,39","0,35","0,15",0,"0,09","0,06","0,03","0,03",0,0,"0,43","0,18","32,34","1,17","182,98","6,62","4,68","0,17","22,98","1,07","5,96","0,22","102,98","92,34","3,34","0,33","24,55","51,69","4,45",67939,"0,09","13,29","27,46","59,17",2115,37,"6,65","14,17","75,46","0,06","0,01","0,1","0,06","0,81",0,0,"0,06","313,38","44,7","7,18","36,98","29,96","25,88",674634,"687,93","736503,44","25,67","384534,68","460,06","274445,41","6,2","60,73","68,21","45,42","68,02","4,93","1,56","152,2","713271,31",0,"0,3","35,62","27,81","18,39","16,5","49,06","46,32","28,23","22,7","32,75","40,85","19,24","24,5","9,83","69,76","11,68","31,8","3,09","40,48","6,67","26,3","5,2","49,86","6,8","29,4","6,09","94,5","1,44","99,28","1,3","18,5","43,77","0,63","3,45","68,9","26,51","1,13","47,27","0,11","0,08",0,"2,97","35,43","25,7","2,34",0
13,ALGIROS,"2,96","3,38","104,32","13,44","15,61","19,95","200,29","165,21","192479,22","331,14",0,"72,16","0,58","0,81","99,19","35,05","27,9","18,58","10,91","3,93","2,15","4,6","2,4","49,42","48,18",17474,22750,"27,9","55,2",27,"1,2","42,73","7,74","21,73","16,05","18,41","56,91","135,67","68,06","43,84","2,25","6,62","91,14","3,85","91,96","1,2","36,93","1,69",3,"8,13","174,83","0,68","-1,27","2,15",12379,1,47,"84,8","102,9","9,28","25,2","48,48","16,38","34,13","23,58","10,96","7,15","3,18","5,25","33,71","16,11","0,07","36,24","3,77","3,42","2,74","2,74",0,0,"371,23","30,25","12,88","272,16","5,84","1,11","27,99","4,67","25,63","7,37","40,27","19,58","42,08","39,16","7,39","7,07","35,89","68,97","9,08","42,09","35,14","89,4","85,3","2,05","0,17","563,61","106,76","4,38","51,46","44765,76","411,49","20,22","2,73","27,05","1648,19","40,41",0,"1,37","5,32","21,85","28,94","28,7","26,32","0,71",0,"0,82",0,"0,05","0,74","2,57","0,55","0,03",0,0,0,0,0,"0,11","0,35","0,11","0,05","0,03","21,8","8,95","77,4","32034,29","0,9","29,1","1,7","23,2","66,08","965,77","3,5","20,07","-1,53","52,29","0,55","0,16",0,"0,05","0,33",0,0,0,0,0,0,"17,12","1,4","202,05","16,46","2,4","0,2","9,59","1,36","4,11","0,33","65,75","55,14","4,49","0,28","19,37","49,27","7,53",36632,"0,1","11,97","23,01","64,92","2119,25","40,58","7,33","13,07","108,21",0,0,0,0,0,0,0,0,"289,91","46,7","1,92","28,66","46,63","22,79",333833,"1057,41","1730666,92","30,79","245513,81","789,1","675086,85","2,9","93,88","133,71","85,53","103,71","6,11","3,11","187,2","439500,34",0,0,"28,34","60,31","16,57","13,8","30,41",100,"30,07","20,6","46,46",100,"23,68",24,"18,7",100,"13,87","23,6","20,2",0,"14,46","22,4","30,93","10,5","19,24","23,6","6,32",94,"1,31","99,25","0,84","4,21","39,78","0,13","3,56","67,64","27,69","1,1","60,1","0,07","0,06","0,01","3,54","35,9",26,"2,19",0
14,BENIMACLET,"1,57",0,"290,91","13,16","13,62","17,12","131,81","217,75","487958,66","744,3",0,"73,31","0,75","0,81","99,19",33,"25,2","21,49","11,07","6,1","1,92","4,4","2,61","51,27","46,13",17133,22050,"27,9",58,"23,2","1,3","45,91","7,75","19,67","15,78","19,65","55,6","149,77","69,68","43,28","2,45","6,8","90,75","5,33","89,47","9,33","17,34","0,82","2,09","5,75","123,58","1,04","-2,35","2,18",18287,"0,6","45,7","84,4","105,4","10,64","22,72","47,57","15,43","34,21","29,39","8,67","8,28","2,19","7,58","29,86","13,93","0,09","33,02","4,46","53,25","3,82","4,46",0,0,"151,59","8,49","13,36","212,44","6,44","1,36","26,9","4,93","23,14","7,08","39,58","23,5","43,78","38,72","6,51","6,82","36,78","64,66","8,42","40,62","36,54","86,2","81,5","14,01","0,78","537,68","107,09","11,4","39,5","45117,91","406,92","4,79","7,03","38,18","1134,39","19,11",0,0,"4,21","33,55","27,15","30,56","30,63","0,63",0,"0,28",0,0,"0,59","4,21","0,45","0,07","0,07",0,0,0,"0,03",0,"0,17","0,07","0,03","0,03",18,"9,99","66,9","34153,25",0,"20,3",0,"22,9","18,41","454,45",,"19,42","0,57","53,64","0,35",0,"0,07","0,07","0,21",0,0,0,0,0,0,"26,75","1,5","384,71","21,55","4,46","0,25","22,93","1,43",0,0,"58,6","115,92","6,49","0,36","21,01","49,6","6,17",28716,"0,14","12,82","22,51","64,52","2046,75","37,55","7,4","12,76","121,08","0,07",0,"0,03","0,07","0,49","0,17","0,03","0,07","271,7","47,6","8,59","30,97","38,53","21,91",207982,"463,45","716680,14","50,42","142551,74","41,32","20992,9","2,1","98,62","107,12","85,11","74,35","5,08","3,34","154,8","705836,94","103,47",0,"34,09","25,64","9,81","15,1","39,84","60,23","18,62","23,8","24,76","49,79","10,97","25,4","9,16","49,05","4,18","29,2","9,4","82,22","7,41","19,3","13,65",100,"20,66","19,6","6,39","93,6","1,31",100,"0,56","4,64","42,02","1,81","2,82","75,26","20,11","1,81","72,4","0,17","0,29",0,"6,23","34,27","73,4","4,11",0
15,RASCANYA,"2,63","7,22","181,67","13,93","9,33","10,37","115,7","245,51","391737,14",1368,0,"63,2","0,75","0,88","99,12",32,"30,12","16,43","13,19","3,95","2,41","5,41","2,74","49,51","47,75",13154,17150,"27,6","63,7","18,8","2,1","45,21","10,77","15,48","12,88","22,45","51,64","89,05","47,21","31,55","3,28","10,72",86,"2,93","82,92","0,96","9,88","0,7","1,72","2,07","42,76","0,31","-0,55","2,5",22094,"2,4","42,7","83,9","117,4","13,03","16,77","44,41","24,6","35,11","13,12","9,84","15,35","0,73","8,59","37,81","14,51","0,04","32,94","4,21",548,"3,45","4,21",0,"1,15","176,25","8,63","14,14","152,36","7,57","2,45","27,01","9,25","20,83","7,01","32,02","29,55","44,09","37,04","5,85","6,86","44,01","81,41","7,16","40,84","40,11","96,4","75,9","2,3","0,11","418,55","98,07","6,66","83,72","33030,9","327,83","14,29","3,57","32,14","2093,19","24,52","0,77",0,"2,53",42,29,19,30,"0,1",0,"0,38","0,07",0,"0,59","1,52","0,14","0,02","0,05","0,02","0,02","0,02","0,03","0,02","0,03","0,12","0,02","0,02","16,3","9,21","73,6","23910,18","3,9",60,"17,2","32,6","20,75","397,84",4,"19,88","1,03","53,54","0,69","0,17","0,24","0,03","0,21","0,03",0,0,0,0,0,"23,75","1,16","360,15","17,63","3,45","0,17","16,86","0,79","4,6","0,23","55,17","89,66","4,39","0,07","34,15","47,19","3,09",58079,"0,25","18,61","34,12","47,02",1418,"29,93","5,47","12,17","68,77","0,12","0,03","0,14","0,12","2,46","2,26",0,"0,02","237,64","45,7","15,03","43,38","26,11","15,48",321920,"910,68","481045,67","10,73","288719,56","8,67","4196,9","3,2","89,19","154,08","88,26","75,35","5,56","1,98","118,4","830468,82","39,7","0,48","25,62","34,68","20,09",15,"36,76","51,29","35,69","23,7","32,97","63,55","32,32","23,6","7,78","69,69","20,8","28,3","12,04","65,67","10,44","21,2","7,94","56,4","15,4","25,6","5,5","84,5","1,82",100,"1,36","18,96","53,71","0,49","6,61","72,76","19,35","1,27","42,62","0,22","0,12",0,"3,01","27,13","55,4","12,21","0,02"
16,BENICALAP,"2,22","15,77","310,94","13,18","13,56","14,94","62,28","241,02","600043,73","795,12",0,"65,7","0,84","0,89","99,11","31,8","30,9","16,64","12,95","3,42","1,92","6,57","2,53","50,11","47,35",13621,17850,"26,3","65,4","18,6","1,9","46,92","9,81","15,89","13,45","20,59","49,94","99,46","51,52","34,35","2,93","10,7","86,37","3,2","86,28","29,02","14,03","0,81","1,57","2,96","74,24","0,53","0,2","2,45",23001,"1,6","43,3",84,"127,9","13,28","17,48","47,62","20,02","35,09","17,66","14,65","8,91","0,89","7,3","36,61","13,92","0,07","36,1","14,55","101,89","5,91","11,36","1,82",0,"209,09","9,79","13,15","128,91","9,45","1,89","27,17",7,"19,43","6,32","30,85","29,68","42,96","39,12","5,66","7,3","38,33","68,36","6,65","36,04","40,29","93,4","82,5",0,0,"436,44","102,57","11,62","84,29","41067,68","385,04","10,42","10,42","29,15","6315,88","32,73","1,82",0,"1,71","42,49","31,25",24,"32,62","0,08","0,04","0,47",0,0,"0,39","1,53","0,18",0,0,"0,04","0,04",0,0,"0,04","0,02","0,12","0,02",0,"19,8","11,09","78,9","30012,35","0,8","47,5","0,8","31,4","34,79","554,59",3,"23,51","0,47",,"0,39","0,2",0,"0,12",0,0,0,0,"0,04",0,0,"18,18","0,85","343,64","16,08","2,27","0,11","24,55","1,08",0,0,"85,45","118,64","5,55","0,31","31,31","50,03","3,28",50967,"0,21","19,3","32,86","47,63",1785,"36,17","9,58","12,27","65,36","0,1","0,02","0,06","0,1","1,22","0,75",0,0,"274,37","41,9","10,57","40,49","29,74","19,2",303590,"654,86","710191,86","8,16","841600,73","25,61","1536,85","3,4","71,2","118,61","74,09","62,71","4,41","1,69",124,"697572,52",0,"0,23","28,92","29,17","12,89","15,7","34,38","40,81","30,02","22,8","13,28",0,"10,78","28,2","2,02",0,"8,74","25,8","5,83",100,"22,9","24,8","0,86",100,"38,64",22,"6,18","94,4","1,36",100,"3,83","23,7","43,26","0,56","3,7","73,62","21,57","1,1","44,37","0,21","0,11","0,01","5,05","27,49","81,6","11,83","0,02"
17,POBLATS DEL NORD,"15,2",0,"94,99","13,44","15,15","14,51","85,24","84,26","10057,21",3661,0,"72,15","0,77","1,03","98,97","42,97","20,72","16,87","12,35","3,24","2,28","6,16",2,"40,01",58,17138,22050,"29,5","63,2","16,2","1,1","48,66","7,53","18,42","20,87","17,32","44,38","120,86","69,92","32,87","3,19","10,56","86,25","5,43","81,49",0,"5,29","0,23","1,39","0,42","5,26","0,84","-0,42","2,55",472,"2,4","44,8","83,9","144,4","12,51","19,44","61,67","10,08","37,13","27,76","10,08","12,71","2,35","6,22","28,04","12,43","0,41","29,99",0,0,0,0,0,0,0,0,"14,48","172,24","9,46","2,11","25,64","8,21","21,14","5,9","29,34","31,29","42,77","41,54","6,52","6,57","29,74","51,73","8,74","19,45","30,16","96,6","77,1",0,0,"493,31","180,5","1,74","57,79","50741,28","282,99","7,14",0,"7,14","71,01","2,25",0,0,"5,57",,,,,0,0,"3,06",0,0,"0,42","4,74","0,28",0,0,0,0,0,0,0,0,"0,97",0,0,"5,1","3,76","55,6","22279,22","3,2","28,8","3,2","19,6","65,54","1050,42","2,25","19,88","1,03","53,54",0,0,0,0,0,0,0,0,0,0,0,"0,53","1,26","10,48","24,88","0,8","1,89","0,53","1,25",0,0,"6,23","11,41","27,08","0,99","18,9","45,01","9,02",7180,"0,17","17,37","28,79","53,67","1384,5","23,32","5,83",,"40,67","0,42","0,28","0,56","0,84","9,19","10,45",0,"0,28","90,95","57,5","11,02","34,96","25,33","28,7",69400,"1201,41","717287,41","109,57","478859,92","123,43","82215,62","0,6","102,79","228,27","89,83","82,31","7,1","4,46","211,1","43915,86",0,"0,4","25,21",100,"1,1","12,9","45,96",100,"7,58","19,4",0,,,,0,,,,0,,,,0,,,,,,,,"0,68","26,45","56,23","17,85","0,85","38,57","27,22","33,36","77,71","1,73","1,48","0,03","36,82","26,4","14,3","4,23",0
18,POBLATS DE L'OEST,"2,01","9,95","217,4","12,39","57,03","51,11","270,64","325,74","165729,44","1169,4","0,01","70,65","0,87","0,91","99,09","30,05","33,19","13,93","14,79","4,13","1,81","6,09","2,52","50,22","47,27",12511,17150,"25,5","62,8","20,6","2,3","45,36","11,27","16,37","14,11","20,24","44,22","270,95","56,9","41,71","5,19","16,01","78,8","4,43","85,24","70,18","7,38","0,48","1,92","1,67","36,2","0,77","1,32","2,6",7751,"2,1","43,6","84,1","127,8","12,8","18,85","51,15","18,91","35,85","20,83","13,5","8,31","1,26","7,36","40,74","7,94","0,07","33,53","0,5","4,5","0,5","0,5","0,5",0,61,"8,49","9,68","120,09","11,21","2,93","26,53","7,79","18,49","4,19","26,73","34,25","43,03","38,62","5,97","7,6","38,38","75,46","5,96","34,68","47,39","93,7","84,6",0,0,"453,2","146,13","9,71",69,"51499,53","341,21","22,92","3,13","23,96","996,52",28,1,0,"3,27",,,,,0,0,"0,77",0,0,"0,26","1,09","0,45",0,0,0,"0,06",0,0,0,0,"0,13",0,0,"20,2","11,35","81,9","23192,92","1,9","38,7","1,9","33,6","87,54","718,07",4,"24,65","0,63","49,83","0,38","0,26",0,"0,13",0,0,0,0,0,0,0,11,"1,53",109,"15,17","3,5","0,49",7,"1,48",0,0,60,105,"14,61","0,19","26,48","49,38","4,06",15589,"0,2","19,75","37,53","42,52","1281,75","29,7","7,25",,"56,26","0,19","0,19","0,19","0,19","2,12","2,25",0,"0,06","154,6","48,4","19,98","36,66","31,32","12,05",271081,"2589,81","3029535,62","11,19","542963,65","215,5","231740,8",2,"74,73","171,02","64,79","60,62","5,71","2,44","155,2","598705,54","143,47","0,15","23,48","22,68","11,48","15,9","33,93","44,61","20,23",22,"67,55","78,35","32,76","20,3","20,27",100,"11,71","26,3","16,17",0,"20,63","25,2","11,8",0,"21,74",23,"6,33","92,6","1,4","99,19","0,45","18,2","26,82","4,8","4,87","63,44","23,31","8,38","95,51","2,81","0,49","0,01","12,52","27,41","60,7","10,81",0
19,POBLATS DEL SUD,"32,43","0,03","36,85","12,28","10,9","29,07","143,37","231,48","61766,47",,0,"67,94","0,98","0,95","99,05","37,77","23,25","17,04","15,28","2,29","2,83","5,87","2,06","42,01","55,93",13999,17850,"35,6","59,9","20,4",2,"46,89","9,74","17,32","17,97","18,75","50,11","150,92","58,82",38,"4,64","10,55","84,82","5,28","86,47","13,07","35,02","1,06","2,2","3,26","79,88","0,35","0,08","2,34",701,"3,1","44,5","83,8","134,9","12,77","20,21",59,"16,97","35,71","26,44","7,21","8,61","1,19","8,58","40,69","7,08","0,21",29,"0,24","3,89","0,24","0,15",0,0,0,0,"11,84","147,9","8,72","1,89","26,64","7,22","20,59","5,94","35,77","31,88","41,02","41,17","6,13","7,61","43,6","67,72","7,59","32,83","36,98",97,"87,7","0,3","0,95","694,22","127,41","1,89","84,49","41695,13","327,22","24,55","4,02","15,18","75,99","1,7","0,03",0,"3,3",,,,,"0,18",0,"1,32",0,0,"0,09","3,7","0,4",0,0,0,0,0,0,0,"0,04","0,35","0,04",0,"10,4","8,67","53,8","22281,09","0,9","33,6","0,9","30,9","76,42","421,26","2,93","22,81","-0,53","50,56","0,18","0,18",0,0,0,0,0,0,0,"0,02",0,"0,52","1,61","7,55","23,56","0,37","1,14","0,43","2,9",0,0,"5,54","6,39","19,95","0,19","26,18","47,54","5,45",22732,"0,18","20,45","36,91","42,46","1641,5","35,25","6,92",,"51,73","0,13","0,04","0,13","0,13","0,13","0,04",0,"0,18","183,66","50,4","9,72","39,23","35,13","15,93",172108,"1700,74","1406999,78","11,48","341680,69","966,31","635724,64","2,6","91,81","266,5","106,72","124,93","30,88","10,38","188,9","50376,87","0,01","0,11","29,91","79,56","12,35","16,2","54,59","89,04","20,87","20,7","30,79",84,"15,86","25,9","8,75",100,"12,06","24,9","1,98",100,"17,78","22,5","0,53",0,"16,67",6,"6,26","92,5","1,43","98,53","1,64","11,65","44,83","4,39","3,56","60,98","27,29","8,17","89,51","1,7","1,16","0,02","26,93","33,2","11,7","3,07",0
